Book Id,Title,Author,Author l-f,Additional Authors,ISBN,ISBN13,My Rating,Average Rating,Publisher,Binding,Number of Pages,Year Published,Original Publication Year,Date Read,Date Added,Bookshelves,Bookshelves with positions,Exclusive Shelf,My Review,Spoiler,Private Notes,Read Count,Recommended For,Recommended By,Owned Copies,Original Purchase Date,Original Purchase Location,Condition,Condition Description,BCID
400716,Introduction to the Theory of Computation,Michael Sipser,"Sipser, Michael",,"=""0534950973""","=""9780534950972""",0,4.16,Course Technology,Hardcover,431,2005,1996,,2016/01/28,"physically-unread-books, technical","physically-unread-books (#86), technical (#16)",physically-unread-books,,,,,,,0,,,,,
108986,Introduction to Algorithms,Thomas H. Cormen,"Cormen, Thomas H.","Charles E. Leiserson, Ronald L. Rivest, Clifford Stein","=""0262032937""","=""9780262032933""",0,4.27,MIT Press (MA),Hardcover,1180,2001,1989,,2016/01/28,"physically-unread-books, technical","physically-unread-books (#85), technical (#15)",physically-unread-books,,,,,,,0,,,,,
21899045,Code Complete (2nd Edition) (Developer Best Practices),Steve McConnell,"McConnell, Steve",,"=""""","=""""",0,4.26,Microsoft Press,Kindle Edition,960,2004,1993,,2016/01/28,"physically-unread-books, technical","physically-unread-books (#84), technical (#14)",physically-unread-books,,,,,,,0,,,,,
6367009,Optics,Eugene Hecht,"Hecht, Eugene",Alfred Zajac,"=""020111609X""","=""9780201116090""",0,3.88,Addison-Wesley,Hardcover,640,1987,1974,,2016/01/28,"physically-unread-books, technical","physically-unread-books (#83), technical (#13)",physically-unread-books,,,,,,,0,,,,,
349426,"The Memory Book: The Classic Guide to Improving Your Memory at Work, at School, and at Play",Harry Lorayne,"Lorayne, Harry",Jerry Lucas,"=""0345337581""","=""9780345337580""",0,3.96,Ballantine Books,Paperback,224,1986,1974,,2016/01/28,"physically-unread-books, technical","physically-unread-books (#82), technical (#12)",physically-unread-books,,,,,,,0,,,,,
2324327,The Oxford Book of Modern Science Writing,Richard Dawkins,"Dawkins, Richard","James Hopwood Jeans, Sydney Brenner, Steve Jones, J.B.S. Haldane, Mark Ridley, John Maynard Smith, Fred Hoyle, D'Arcy Wentworth Thompson, George Gaylord Simpson, Richard Fortey, Colin Blakemore, Martin J. Rees, Richard Gregory, Nicholas Humphrey, Steven Pinker, Jared Diamond, David Lack, Niko Tinbergen, Robert Trivers, Alister Hardy, Rachel Carson, Loren Eiseley, Edward O. Wilson, Helen Cronin, R.A. Fisher, Theodosius Dobzhansky, George C. Williams, Francis Crick, Matt Ridley, Arthur Eddington, C.P. Snow, Freeman Dyson, J. Robert Oppenheimer, Max F. Perutz, Barbara Gamow, George Gamow, Jacob Bronowski, Peter Medawar, Jonathan Kingdon, Richard Leakey, Roger Lewin, Donald C. Johanson, Maitland A. Edey, Stephen Jay Gould, John Tyler Bonner, Oliver Sacks, Lewis Thomas, James Watson, Lewis Wolpert, Peter   Atkins","=""0199216800""","=""9780199216802""",0,4.12,"Oxford University Press, USA",Hardcover,419,2008,2008,,2016/01/28,physically-unread-books,physically-unread-books (#80),physically-unread-books,,,,,,,0,,,,,
787845,Induction and Analogy in Mathematics,George Pólya,"Pólya, George",,"=""0691025096""","=""9780691025094""",0,4.30,Princeton University Press,Paperback,296,1990,1954,,2016/01/28,"physically-unread-books, technical","physically-unread-books (#79), technical (#11)",physically-unread-books,,,,,,,0,,,,,
304482,Secrets and Lies: Digital Security in a Networked World,Bruce Schneier,"Schneier, Bruce",,"=""0471453803""","=""0723812595563""",0,3.95,John Wiley & Sons,Paperback,401,2004,2000,,2016/01/28,physically-unread-books,physically-unread-books (#78),physically-unread-books,,,,,,,0,,,,,
21547935,"Electronics from the Ground Up:: Learn by Hacking, Designing, and Inventing",Ronald Quan,"Quan, Ronald",,"=""0071837280""","=""9780071837286""",0,4.50,McGraw-Hill/Tab Electronics,Paperback,526,2014,2014,,2016/01/28,"physically-unread-books, technical","physically-unread-books (#76), technical (#9)",physically-unread-books,,,,,,,0,,,,,
13479623,The Prince and the Discourses,Niccolò Machiavelli,"Machiavelli, Niccolò",,"=""""","=""""",0,3.92,Random House,Paperback,540,1950,1905,,2016/01/28,physically-unread-books,physically-unread-books (#75),physically-unread-books,,,,,,,0,,,,,
452725,Explaining Social Behavior: More Nuts and Bolts for the Social Sciences,Jon Elster,"Elster, Jon",,"=""0521777445""","=""9780521777445""",0,3.99,Cambridge University Press,Paperback,484,2007,2000,,2016/01/28,physically-unread-books,physically-unread-books (#73),physically-unread-books,,,,,,,0,,,,,
897522,Napoleon as Military Commander,James Marshall-Cornwall,"Marshall-Cornwall, James",,"=""0141391014""","=""9780141391014""",0,3.31,Penguin Books,Paperback,320,2002,1967,,2016/01/28,physically-unread-books,physically-unread-books (#72),physically-unread-books,,,,,,,0,,,,,
638816,Copies in Seconds: How a Lone Inventor and an Unknown Company Created the Biggest Communication Breakthrough Since Gutenberg--Chester Carlson and the Birth of Xerox,David Owen,"Owen, David",,"=""0743251180""","=""9780743251181""",0,3.76,Simon & Schuster,Paperback,320,2005,2004,,2016/01/28,physically-unread-books,physically-unread-books (#68),physically-unread-books,,,,,,,0,,,,,
849859,The Consolation of Philosophy,Boethius,"Boethius, Boethius",V.E. Watts,"=""0140442081""","=""9780140442083""",0,3.94,Penguin Classics,Paperback,187,1969,523,,2016/01/28,physically-unread-books,physically-unread-books (#67),physically-unread-books,,,,,,,0,,,,,
22436684,The Rise of Theodore Roosevelt Publisher: Modern Library,Edmund Morris,"Morris, Edmund",,"=""""","=""""",0,4.23,,Paperback,,,1979,,2016/01/28,physically-unread-books,physically-unread-books (#66),physically-unread-books,,,,,,,0,,,,,
93426,Genghis Khan and the Making of the Modern World,Jack Weatherford,"Weatherford, Jack",,"=""0609809644""","=""9780609809648""",0,4.00,Broadway Books,Paperback,312,2005,2004,,2016/01/28,physically-unread-books,physically-unread-books (#65),physically-unread-books,,,,,,,0,,,,,
81788,Why We Get Sick: The New Science of Darwinian Medicine,Randolph M. Nesse,"Nesse, Randolph M.",George C. Williams,"=""0679746749""","=""9780679746744""",0,4.08,Vintage,Paperback,304,1996,1994,,2016/01/28,physically-unread-books,physically-unread-books (#64),physically-unread-books,,,,,,,0,,,,,
361921,Typo: The Last American Typesetter or How I Made and Lost 4 Million Dollars,David Silverman,"Silverman, David",,"=""1933368659""","=""9781933368658""",0,3.55,Soft Skull Press,Paperback,352,2007,2007,,2016/01/28,physically-unread-books,physically-unread-books (#63),physically-unread-books,,,,,,,0,,,,,
13234710,The Founder's Dilemmas: Anticipating and Avoiding the Pitfalls That Can Sink a Startup,Noam Wasserman,"Wasserman, Noam",,"=""0691149135""","=""9780691149134""",0,4.06,Princeton University Press,Hardcover,496,2012,2011,,2016/01/28,physically-unread-books,physically-unread-books (#61),physically-unread-books,,,,,,,0,,,,,
2103067,The Art of the Advantage: 36 Strategies to Seize the Competitive Edge,Kaihan Krippendorff,"Krippendorff, Kaihan",,"=""0976582341""","=""9780976582342""",0,4.38,Th Strategy Learning Center,Paperback,234,2007,2007,,2016/01/28,physically-unread-books,physically-unread-books (#60),physically-unread-books,,,,,,,0,,,,,
24896988,The Most Good You Can Do: How Effective Altruism Is Changing Ideas about Living Ethically,Peter Singer,"Singer, Peter",,"=""""","=""9781922182692""",0,3.83,Text Publishing,,,2015,2015,,2016/01/28,physically-unread-books,physically-unread-books (#59),physically-unread-books,,,,,,,0,,,,,
21053076,Machiavelli in Hell,Sebastian De Grazia,"Grazia, Sebastian De",,"=""0330321013""","=""9780330321013""",0,3.77,Picador,Paperback,572,1992,1989,,2016/01/28,physically-unread-books,physically-unread-books (#58),physically-unread-books,,,,,,,0,,,,,
17571564,"Hyperbole and a Half: Unfortunate Situations, Flawed Coping Mechanisms, Mayhem, and Other Things That Happened",Allie Brosh,"Brosh, Allie",,"=""1451666179""","=""9781451666175""",0,4.14,Touchstone,Paperback,369,2013,2013,,2016/01/28,physically-unread-books,physically-unread-books (#57),physically-unread-books,,,,,,,0,,,,,
143628,Churchill,Roy  Jenkins,"Jenkins, Roy",,"=""0452283523""","=""9780452283527""",0,4.07,Plume,Paperback,1024,2002,2001,,2016/01/28,physically-unread-books,physically-unread-books (#56),physically-unread-books,,,,,,,1,,,unspecified,,
18668059,The Obstacle Is the Way: The Timeless Art of Turning Trials into Triumph,Ryan Holiday,"Holiday, Ryan",,"=""1591846358""","=""9781591846352""",0,4.01,Portfolio,Hardcover,224,2014,2014,,2016/01/28,physically-unread-books,physically-unread-books (#54),physically-unread-books,,,,,,,0,,,,,
18104725,The Almost Nearly Perfect People: Behind the Myth of the Scandinavian Utopia,Michael Booth,"Booth, Michael",,"=""0224089625""","=""9780224089623""",0,3.86,Jonathan Cape,Paperback,416,2014,2014,,2016/01/28,physically-unread-books,physically-unread-books (#53),physically-unread-books,,,,,,,0,,,,,
13147230,"The Long Earth (The Long Earth, #1)",Terry Pratchett,"Pratchett, Terry",Stephen Baxter,"=""0062067753""","=""9780062067753""",0,3.71,HarperCollins Harper,Hardcover,336,2012,2012,,2016/01/28,physically-unread-books,physically-unread-books (#52),physically-unread-books,,,,,,,0,,,,,
26235818,A Banquet of Consequences,Satyajit Das,"Das, Satyajit",,"=""""","=""""",0,3.86,e-penguin,Kindle Edition,278,2015,2015,,2016/01/28,physically-unread-books,physically-unread-books (#51),physically-unread-books,,,,,,,0,,,,,
7967,"Speaker for the Dead (The Ender Quintet, #3)",Orson Scott Card,"Card, Orson Scott",,"=""0812550757""","=""9780812550757""",0,4.02,Tor Books,Paperback,382,1994,1986,,2016/01/28,physically-unread-books,physically-unread-books (#50),physically-unread-books,,,,,,,0,,,,,
192221,How to Solve It: A New Aspect of Mathematical Method,George Pólya,"Pólya, George",,"=""069111966X""","=""9780691119663""",0,4.16,Princeton University Press,Paperback,288,2015,1944,,2016/01/28,"physically-unread-books, technical","physically-unread-books (#49), technical (#8)",physically-unread-books,,,,,,,0,,,,,
4126,Getting to Yes: Negotiating an agreement without giving in,Roger Fisher,"Fisher, Roger",,"=""1844131467""","=""9781844131464""",0,3.85,Random House Business,Paperback,224,1997,1981,,2016/01/28,physically-unread-books,physically-unread-books (#48),physically-unread-books,,,,,,,0,,,,,
974030,The Glass Bead Game,Hermann Hesse,"Hesse, Hermann","Clara Winston, Richard Winston","=""0140034382""","=""9780140034387""",0,4.11,Penguin Modern Classics,Paperback,520,1973,1943,,2016/01/28,physically-unread-books,physically-unread-books (#47),physically-unread-books,,,,,,,0,,,,,
984566,Practical Cryptography,Niels Ferguson,"Ferguson, Niels",Bruce Schneier,"=""0471223573""","=""9780471223573""",0,4.14,Wiley,Paperback,385,2003,2003,,2016/01/28,"physically-unread-books, technical","physically-unread-books (#44), technical (#7)",physically-unread-books,,,,,,,0,,,,,
3558620,Fundamental Mathematics,Thomas Leonard Wade,"Wade, Thomas Leonard",,"=""0070676526""","=""9780070676527""",0,3.00,McGraw-Hill Companies,Hardcover,559,1974,1974,,2016/01/28,"physically-unread-books, technical","physically-unread-books (#43), technical (#6)",physically-unread-books,,,,,,,0,,,,,
9275030,Seven Pillars of Wisdom: A Triumph,T.E. Lawrence,"Lawrence, T.E.",,"=""""","=""""",0,4.01,Penguin Books,Paperback,700,1963,1922,,2016/01/28,physically-unread-books,physically-unread-books (#39),physically-unread-books,,,,,,,0,,,,,
24910058,Why Can't I Meditate?: how to get your mindfulness practice on track,Nigel Wellings,"Wellings, Nigel",,"=""""","=""""",0,4.40,Piatkus,Kindle Edition,352,2015,2015,,2016/01/28,physically-unread-books,physically-unread-books (#38),physically-unread-books,,,,,,,0,,,,,
21947208,"Claudius the God and His Wife Messalina (Claudius, #2)",Robert Graves,"Graves, Robert","Seneca, Suetonius","=""""","=""""",0,4.22,Vintage Books,Paperback,585,1962,1934,,2016/01/28,physically-unread-books,physically-unread-books (#37),physically-unread-books,,,,,,,0,,,,,
504363,Pale Fire,Vladimir Nabokov,"Nabokov, Vladimir",Richard M. Rorty,"=""0679410775""","=""9780679410775""",0,4.19,Everyman's Library,Hardcover,239,1992,1962,,2016/01/28,physically-unread-books,physically-unread-books (#36),physically-unread-books,,,,,,,0,,,,,
13557008,The Startup Owner's Manual: The Step-By-Step Guide for Building a Great Company,Steven Gary Blank,"Blank, Steven Gary",Bob Dorf,"=""0984999302""","=""9780984999309""",0,4.18,K & S Ranch,Hardcover,608,2012,2012,,2016/01/28,physically-unread-books,physically-unread-books (#35),physically-unread-books,,,,,,,0,,,,,
11910905,The Charisma Myth: How Anyone Can Master the Art and Science of Personal Magnetism,Olivia Fox Cabane,"Cabane, Olivia Fox",,"=""1591844568""","=""9781591844563""",0,3.91,Portfolio,Hardcover,264,2012,2012,,2016/01/28,physically-unread-books,physically-unread-books (#33),physically-unread-books,,,,,,,0,,,,,
910352,Picture This: How Pictures Work,Molly Bang,"Bang, Molly",,"=""0613300912""","=""9780613300919""",0,4.07,Turtleback Books,Hardcover,96,2000,2000,,2016/01/28,physically-unread-books,physically-unread-books (#30),physically-unread-books,,,,,,,0,,,,,
25770528,"Cooking for Geeks: Real Science, Great Cooks, and Good Food",Jeff Potter,"Potter, Jeff",,"=""1491928050""","=""9781491928059""",0,4.05,O'Reilly Media,Paperback,488,2015,2007,,2016/01/28,physically-unread-books,physically-unread-books (#29),physically-unread-books,,,,,,,0,,,,,
703532,"Mindstorms: Children, Computers, And Powerful Ideas",Seymour Papert,"Papert, Seymour",,"=""0465046746""","=""9780465046744""",0,4.26,Basic Books,Paperback,252,1993,1980,,2016/01/28,physically-unread-books,physically-unread-books (#27),physically-unread-books,,,,,,,0,,,,,
2912446,Nuclear Weapons: A Very Short Introduction,Joseph M. Siracusa,"Siracusa, Joseph M.",,"=""0199229546""","=""9780199229543""",0,3.61,"Oxford University Press, USA",Paperback,143,2008,2008,,2016/01/28,physically-unread-books,physically-unread-books (#25),physically-unread-books,,,,,,,0,,,,,
448710,Medea and Other Plays,Euripides,"Euripides, Euripides",Philip Vellacott,"=""0140441298""","=""9780140441291""",0,3.96,Penguin Classics,Paperback,205,1963,-428,,2016/01/28,physically-unread-books,physically-unread-books (#24),physically-unread-books,,,,,,,0,,,,,
2590,The Art of War by Sun Tzu - Special Edition,Sun Tzu,"Tzu, Sun","James H. Ford, Shawn Conners, Lionel Giles","=""0976072696""","=""9780976072690""",0,3.94,El Paso Norte Press,Paperback,268,2005,-512,,2016/01/28,physically-unread-books,physically-unread-books (#22),physically-unread-books,,,,,,,0,,,,,
13705622,Hacker's Delight,Henry S. Warren Jr.,"Jr., Henry S. Warren",,"=""0321842685""","=""9780321842688""",0,4.20,Addison-Wesley Professional,Hardcover,512,2012,2002,,2016/01/28,"physically-unread-books, technical","physically-unread-books (#21), technical (#2)",physically-unread-books,,,,,,,0,,,,,
11797471,The Idea Factory: Bell Labs and the Great Age of American Innovation,Jon Gertner,"Gertner, Jon",,"=""1594203288""","=""9781594203282""",0,4.07,Penguin Press,Hardcover,432,2012,2012,,2016/01/28,physically-unread-books,physically-unread-books (#20),physically-unread-books,,,,,,,0,,,,,
108583,The Corporation: The Pathological Pursuit of Profit and Power,Joel Bakan,"Bakan, Joel",,"=""0743247469""","=""9780743247467""",0,4.05,Free Press,Paperback,228,2005,2003,,2016/01/28,physically-unread-books,physically-unread-books (#19),physically-unread-books,,,,,,,0,,,,,
1173576,What Every Body is Saying: An Ex-FBI Agent's Guide to Speed-Reading People,Joe Navarro,"Navarro, Joe",Marvin Karlins,"=""0061438294""","=""9780061438295""",0,3.88,Collins,Paperback,250,2008,2008,,2016/01/28,physically-unread-books,physically-unread-books (#17),physically-unread-books,,,,,,,0,,,,,
22049,The Godfather / Fortunate Pilgrim,Mario Puzo,"Puzo, Mario",,"=""0099279320""","=""9780099279327""",0,4.49,Arrow,,,1998,1998,,2016/01/28,physically-unread-books,physically-unread-books (#16),physically-unread-books,,,,,,,0,,,,,
4099,The Pragmatic Programmer: From Journeyman to Master,Andrew Hunt,"Hunt, Andrew",Dave Thomas,"=""020161622X""","=""9780201616224""",0,4.31,Addison-Wesley Professional,Paperback,321,1999,1999,,2016/01/28,physically-unread-books,physically-unread-books (#14),physically-unread-books,,,,,,,0,,,,,
216422,"The Last Command (Star Wars: The Thrawn Trilogy, #3)",Timothy Zahn,"Zahn, Timothy",,"=""0553564927""","=""9780553564921""",0,4.19,LucasBooks,Mass Market Paperback,467,1994,1993,,2016/01/28,physically-unread-books,physically-unread-books (#13),physically-unread-books,,,,,,,0,,,,,
216442,"Dark Force Rising (Star Wars: The Thrawn Trilogy, #2)",Timothy Zahn,"Zahn, Timothy",,"=""0553560719""","=""9780553560718""",0,4.12,LucasBooks,Mass Market Paperback,439,1993,1992,,2016/01/28,physically-unread-books,physically-unread-books (#12),physically-unread-books,,,,,,,0,,,,,
216443,"Heir to the Empire (Star Wars: The Thrawn Trilogy, #1)",Timothy Zahn,"Zahn, Timothy",,"=""0553296124""","=""9780553296129""",0,4.10,Bantam Spectra,Paperback,404,1992,1991,,2016/01/28,physically-unread-books,physically-unread-books (#11),physically-unread-books,,,,,,,0,,,,,
1961212,"The Complete Stories, Plays And Poems Of Oscar Wilde",Oscar Wilde,"Wilde, Oscar",,"=""1855010453""","=""9781855010451""",0,4.29,,,,,,,2016/01/28,physically-unread-books,physically-unread-books (#9),physically-unread-books,,,,,,,0,,,,,
7937510,Naked Economics: Undressing the Dismal Science,Charles Wheelan,"Wheelan, Charles",Burton G. Malkiel,"=""0393337642""","=""9780393337648""",0,3.98,W. W. Norton & Company,Paperback,384,2010,2002,,2016/01/28,physically-unread-books,physically-unread-books (#7),physically-unread-books,,,,,,,0,,,,,
21955937,More Than Two: A Practical Guide to Ethical Polyamory,Franklin Veaux,"Veaux, Franklin","Eve Rickert, Tatiana Gill","=""0991399706""","=""9780991399703""",0,4.55,Thorntree Press,Paperback,496,2014,2014,,2016/01/28,physically-unread-books,physically-unread-books (#6),physically-unread-books,,,,,,,0,,,,,
8537671,The Phenomenon of Man,Pierre Teilhard de Chardin,"Chardin, Pierre Teilhard de",,"=""""","=""""",0,4.10,Collins,Hardcover,320,1959,1955,,2016/01/28,physically-unread-books,physically-unread-books (#5),physically-unread-books,,,,,,,0,,,,,
17986418,Naked Statistics: Stripping the Dread from the Data,Charles Wheelan,"Wheelan, Charles",,"=""039334777X""","=""9780393347777""",0,3.83,W. W. Norton & Company,Paperback,304,2014,2012,,2016/01/28,physically-unread-books,physically-unread-books (#4),physically-unread-books,,,,,,,0,,,,,
18766,"I, Claudius",Robert Graves,"Graves, Robert",,"=""0394725360""","=""9780394725369""",0,4.27,Vintage Books ,Paperback,432,1989,1934,,2016/01/28,physically-unread-books,physically-unread-books (#3),physically-unread-books,,,,,,,0,,,,,
25110998,"Drawing on the Right Side of the Brain Deluxe: The Definitive, 4th Edition",Betty Edwards,"Edwards, Betty",,"=""""","=""9781101596661""",0,3.92,Tarcher,Kindle Edition with Audio/Video,320,2012,2012,,2016/01/28,"physically-unread-books, technical","physically-unread-books (#2), technical (#1)",physically-unread-books,,,,,,,0,,,,,
25614984,Spark Joy: An Illustrated Master Class on the Art of Organizing and Tidying Up,Marie Kondō,"Kondō, Marie",,"=""1607749726""","=""9781607749721""",0,3.91,Ten Speed Press,Hardcover,291,2016,2016,,2016/01/22,physically-unread-books,physically-unread-books (#55),physically-unread-books,,,,,,,0,,,,,
24792435,Seveneves,Neal Stephenson,"Stephenson, Neal",,"=""""","=""""",3,3.99,The Borough Press,Kindle Edition,880,2015,2015,2015/12/11,2015/11/29,,,read,,,,,,,0,,,,,
22011085,The Life-Changing Magic of Tidying,Marie Kondō,"Kondō, Marie",,"=""""","=""""",4,3.79,Ebury Digital,Kindle Edition,256,2014,2010,2015/11/26,2015/11/26,,,read,,,,,,,0,,,,,
8855321,"Leviathan Wakes (Expanse, #1)",James S.A. Corey,"Corey, James S.A.",,"=""1841499889""","=""9781841499888""",0,4.11,Orbit,Paperback,561,2011,2011,,2015/10/20,to-read,to-read (#44),to-read,,,,,,,0,,,,,
256566,Everything Is Illuminated,Jonathan Safran Foer,"Foer, Jonathan Safran",,"=""0060529709""","=""9780060529703""",0,3.89,Harper Perennial,Paperback,276,2003,2001,,2015/10/20,to-read,to-read (#43),to-read,,,,,,,0,,,,,
25680785,"The Dark Forest (Three-Body, #2)",Liu Cixin,"Cixin, Liu",Joel Martinsen,"=""""","=""""",5,4.43,Head of Zeus,Kindle Edition,513,2015,2008,2015/10/24,2015/10/18,,,read,,,,,,,0,,,,,
24856109,The Three-Body Problem,Liu Cixin,"Cixin, Liu",Ken Liu,"=""""","=""""",5,4.00,Head of Zeus,Kindle Edition,400,2015,2008,2015/10/15,2015/10/15,,,read,,,,,,,0,,,,,
12359421,Ready Player One,Ernest Cline,"Cline, Ernest",,"=""""","=""""",3,4.31,Cornerstone Digital,Kindle Edition,386,2011,2011,2015/09/30,2015/09/30,,,read,,,,,,,0,,,,,
56829,Hackers: Heroes of the Computer Revolution,Steven Levy,"Levy, Steven",,"=""0141000511""","=""9780141000510""",0,4.17,Penguin Books,Paperback,464,2001,1984,,2015/09/30,to-read,to-read (#42),to-read,,,,,,,0,,,,,
6899290,"Your Brain at Work: Strategies for Overcoming Distraction, Regaining Focus, and Working Smarter All Day Long",David Rock,"Rock, David",,"=""0061771295""","=""9780061771293""",0,4.09,HarperBusiness,Hardcover,304,2009,2009,,2015/09/30,to-read,to-read (#41),to-read,,,,,,,0,,,,,
18713259,Worm,Wildbow,"Wildbow, Wildbow",,"=""""","=""""",5,4.70,http://parahumans.wordpress.com,ebook,4000,2013,2011,,2015/09/30,,,read,,,,,,,0,,,,,
22872436,The Metropolitan Man,Alexander Wales,"Wales, Alexander",,"=""""","=""""",5,4.11,Fanfiction.net,ebook,241,2014,2014,,2015/09/30,,,read,,,,,,,0,,,,,
18866705,"Dust (Silo, #3)",Hugh Howey,"Howey, Hugh",,"=""""","=""""",5,4.26,Cornerstone Digital,Kindle Edition,466,2013,2013,2015/09/26,2015/09/26,,,read,,,,,,,0,,,,,
15852847,Wool Omnibus,Hugh Howey,"Howey, Hugh",,"=""""","=""""",5,4.24,Cornerstone Digital,Kindle Edition,576,2012,2012,2015/09/10,2015/09/10,,,read,,,,,,,0,,,,,
9509277,The Quantum Thief,Hannu Rajaniemi,"Rajaniemi, Hannu",,"=""""","=""""",0,3.83,Gollancz,Kindle Edition,332,2010,2010,,2015/09/05,to-read,to-read (#45),to-read,,,,,,,0,,,,,
20775702,The Martian,Andy Weir,"Weir, Andy",,"=""""","=""""",5,4.38,Ebury Digital,Kindle Edition,369,2014,2011,2015/09/01,2015/09/01,,,read,,,,,,,0,,,,,
20527133,"Superintelligence: Paths, Dangers, Strategies",Nick Bostrom,"Bostrom, Nick",,"=""0199678111""","=""9780199678112""",0,3.87,Oxford University Press (UK),Hardcover,328,2014,2014,,2015/08/28,physically-unread-books,physically-unread-books (#46),physically-unread-books,,,,,,,0,,,,,
12007,"Use of Weapons (Culture, #3)",Iain M. Banks,"Banks, Iain M.",,"=""185723135X""","=""9781857231359""",4,4.17,Orbit,Paperback,411,1992,1990,,2015/08/28,,,read,,,,,,,0,,,,,
8935689,"Consider Phlebas (Culture, #1)",Iain M. Banks,"Banks, Iain M.",,"=""1857231384""","=""9781857231380""",4,3.84,Orbit,Paperback,471,2005,1987,,2015/08/28,,,read,,,,,,,0,,,,,
18922429,Practice Perfect: 42 Rules for Getting Better at Getting Better,Doug Lemov,"Lemov, Doug","Erica Woolway, Katie Yezzi, Dan Heath","=""""","=""""",0,3.83,Jossey-Bass,Kindle Edition,293,2012,2012,,2015/07/21,to-read,to-read (#46),to-read,,,,,,,0,,,,,
11059661,Eating Animals,Jonathan Safran Foer,"Foer, Jonathan Safran",,"=""""","=""""",4,4.16,,Kindle Edition,341,,2009,,2014/04/21,,,read,,,,,,,0,,,,,
13089957,Lauren Ipsum,Carlos Bueno,"Bueno, Carlos",,"=""1461178185""","=""9781461178187""",5,3.93,Createspace,Paperback,150,2011,2011,,2014/04/21,,,read,,,,,,,1,,,unspecified,,
9583221,The Tiger: A True Story of Vengeance and Survival,John Vaillant,"Vaillant, John",,"=""0307389049""","=""9780307389046""",5,3.98,Vintage,Paperback,352,2011,2010,,2014/04/21,,,read,,,,,,,1,,,unspecified,,
21963668,No Exit: Struggling to Survive a Modern Gold Rush,Gideon Lewis-Kraus,"Lewis-Kraus, Gideon",,"=""""","=""""",0,3.77,,Kindle Edition,48,2014,2014,,2014/04/21,to-read,to-read (#40),to-read,,,,,,,0,,,,,
13530973,Antifragile: Things That Gain from Disorder,Nassim Nicholas Taleb,"Taleb, Nassim Nicholas",,"=""1400067820""","=""9781400067824""",0,3.99,Random House,Hardcover,521,2012,2012,,2014/01/01,to-read,to-read (#39),to-read,,,,,,,0,,,,,
22478,The Origin of Consciousness in the Breakdown of the Bicameral Mind,Julian Jaynes,"Jaynes, Julian",,"=""0618057072""","=""9780618057078""",0,4.23,Mariner Books,Paperback,512,2000,1976,,2014/01/01,to-read,to-read (#38),to-read,,,,,,,0,,,,,
16568,The Book of Imaginary Beings,Jorge Luis Borges,"Borges, Jorge Luis","Margarita Guerrero, Peter Sís, Andrew Hurley","=""0143039938""","=""9780143039938""",0,4.11,Penguin Classics,Paperback,236,2006,1957,,2014/01/01,to-read,to-read (#37),to-read,,,,,,,0,,,,,
685244,100 Suns,Michael Light,"Light, Michael",,"=""1400041139""","=""9781400041138""",0,4.34,Knopf,Hardcover,208,2003,2003,,2014/01/01,to-read,to-read (#36),to-read,,,,,,,0,,,,,
44874,Code: Version 2.0,Lawrence Lessig,"Lessig, Lawrence",,"=""0465039146""","=""9780465039142""",0,4.00,Basic Books,Paperback,416,2006,1999,,2014/01/01,to-read,to-read (#35),to-read,,,,,,,0,,,,,
219106,The Tao Is Silent,Raymond M. Smullyan,"Smullyan, Raymond M.",,"=""0060674695""","=""9780060674694""",0,4.12,HarperOne,Paperback,240,1977,1977,,2014/01/01,to-read,to-read (#34),to-read,,,,,,,0,,,,,
681941,The Moral Animal: Why We Are the Way We Are: The New Science of Evolutionary Psychology,Robert Wright,"Wright, Robert",,"=""0679763996""","=""9780679763994""",0,4.03,Vintage,Paperback,496,1995,1994,,2014/01/01,physically-unread-books,physically-unread-books (#23),physically-unread-books,,,,,,,1,,,unspecified,,
15744759,Three Worlds Collide,Eliezer Yudkowsky,"Yudkowsky, Eliezer",,"=""""","=""""",0,4.33,,ebook,,2009,2009,,2014/01/01,to-read,to-read (#33),to-read,,,,,,,0,,,,,
46654,"The Foundation Trilogy (Foundation, #1-3)",Isaac Asimov,"Asimov, Isaac",,"=""0380508567""","=""9780380508563""",4,4.38,,Paperback,679,1974,1951,,2014/01/01,,,read,,,,,,,0,,,,,
17788725,The Motivation Hacker,Nick Winter,"Winter, Nick",,"=""""","=""9780989279802""",4,3.81,Smashwords Edition,ebook,,2013,2013,,2013/09/09,,,read,,,,,,,0,,,,,
54944,The Ethical Slut: A Guide to Infinite Sexual Possibilities,Dossie Easton,"Easton, Dossie",Catherine A. Liszt,"=""1890159018""","=""9781890159016""",4,3.81,Greenery Press,Paperback,279,2004,1997,,2013/09/07,,,read,,,,,,,1,,,unspecified,,
156534,"Y: The Last Man, Vol. 1: Unmanned (Y: The Last Man #1)",Brian K. Vaughan,"Vaughan, Brian K.","Pia Guerra, José Marzán Jr.","=""1563899809""","=""9781563899805""",4,4.12,DC Comics,Paperback,126,2003,2003,,2013/09/01,,,read,,,,,,,0,,,,,
22416,"Transmetropolitan, Vol. 1: Back on the Street (Transmetropolitan, #1)",Warren Ellis,"Ellis, Warren","Darick Robertston, Garth Ennis","=""1563894459""","=""9781563894459""",5,4.22,Vertigo,Paperback,144,1998,1998,,2013/09/01,,,read,,,,,,,0,,,,,
6905041,"Land of LISP: Learn to Program in LISP, One Game at a Time!",Conrad Barski,"Barski, Conrad",,"=""1593272006""","=""9781593272005""",0,4.08,No Starch Press,Paperback,504,2010,2010,,2013/08/30,"physically-unread-books, technical","physically-unread-books (#41), technical (#4)",physically-unread-books,,,,,,,1,,,unspecified,,
28815,Influence: The Psychology of Persuasion,Robert B. Cialdini,"Cialdini, Robert B.",,"=""006124189X""","=""9780061241895""",0,4.14,HarperBusiness,Paperback,320,2006,1984,,2013/08/30,physically-unread-books,physically-unread-books (#71),physically-unread-books,,,,,,,0,,,,,
150437,A Farewell to Alms: A Brief Economic History of the World,Gregory Clark,"Clark, Gregory",,"=""0691121354""","=""9780691121352""",0,3.67,Princeton University Press,Hardcover,432,2007,2007,,2013/08/28,physically-unread-books,physically-unread-books (#74),physically-unread-books,,,,,,,1,,,unspecified,,
472331,Watchmen,Alan Moore,"Moore, Alan","Dave Gibbons, John Higgins","=""0930289234""","=""9780930289232""",0,4.33,DC Comics,Paperback,416,2005,1987,,2013/08/28,to-read,to-read (#32),to-read,,,,,,,0,,,,,
1096665,Good and Real: Demystifying Paradoxes from Physics to Ethics,Gary L. Drescher,"Drescher, Gary L.",,"=""0262042339""","=""9780262042338""",0,4.15,MIT Press (MA),Hardcover,347,2006,2006,,2013/08/28,to-read,to-read (#31),to-read,,,,,,,0,,,,,
282085,"Human Accomplishment: The Pursuit of Excellence in the Arts and Sciences, 800 B.C. to 1950",Charles Murray,"Murray, Charles",,"=""0060929642""","=""9780060929640""",0,3.85,Harper Perennial,Paperback,688,2004,2004,,2013/08/28,to-read,to-read (#30),to-read,,,,,,,0,,,,,
18937,In the Beginning...Was the Command Line,Neal Stephenson,"Stephenson, Neal",,"=""0380815931""","=""9780380815937""",5,3.79,William Morrow Paperbacks,Paperback,151,1999,1999,,2013/08/28,,,read,,,,,,,0,,,,,
7711871,Surfaces and Essences: Analogy as the Fuel and Fire of Thinking,Douglas R. Hofstadter,"Hofstadter, Douglas R.",Emmanuel Sander,"=""0465018475""","=""9780465018475""",0,3.63,Basic Books,Hardcover,578,2013,2011,,2013/08/27,to-read,to-read (#29),to-read,,,,,,,0,,,,,
45107,"Assassin's Apprentice (Farseer Trilogy, #1)",Robin Hobb,"Hobb, Robin",,"=""0006480098""","=""9780006480099""",3,4.12,Voyager,Mass Market Paperback,480,1996,1995,,2013/08/24,,,read,,,,,,,0,,,,,
21611,"The Forever War (The Forever War, #1)",Joe Haldeman,"Haldeman, Joe",,"=""0060510862""","=""9780060510862""",5,4.13,Voyager,Paperback,278,2003,1974,2015/04/29,2013/08/24,,,read,,,,,,,0,,,,,
77566,Hyperion (Hyperion Cantos #1),Dan Simmons,"Simmons, Dan",,"=""0553283685""","=""9780553283686""",0,4.18,Bantam Spectra,Mass Market Paperback,483,1990,1989,,2013/08/24,to-read,to-read (#28),to-read,,,,,,,0,,,,,
53764,The Great Dune Trilogy  ,Frank Herbert,"Herbert, Frank",,"=""0575070706""","=""9780575070707""",0,4.34,Gollancz,Paperback,910,2005,1977,,2013/08/24,to-read,to-read (#27),to-read,,,,,,,0,,,,,
5967064,The Photographer,Emmanuel Guibert,"Guibert, Emmanuel","Didier Lefèvre, Fréderic Lemercier","=""1596433752""","=""9781596433755""",0,4.21,First Second,Paperback,288,2009,2003,,2013/08/24,to-read,to-read (#26),to-read,,,,,,,0,,,,,
43713,Structure and Interpretation of Computer Programs (MIT Electrical Engineering and Computer Science),Harold Abelson,"Abelson, Harold","Gerald Jay Sussman, Julie Sussman","=""0262510871""","=""9780262510875""",0,4.46,MIT Press (MA),Paperback,657,1996,1984,,2013/08/24,"physically-unread-books, technical","physically-unread-books (#87), technical (#17)",physically-unread-books,,,,,,,0,,,,,
1078824,Caesar: A Biography,Christian Meier,"Meier, Christian",,"=""046500895X""","=""9780465008957""",4,3.87,Basic Books,Paperback,544,1997,1969,,2013/08/24,,,read,,,,,,,1,,,unspecified,,
3234271,Happy Hour Is for Amateurs: A Lost Decade in the World's Worst Profession,Philadelphia Lawyer,"Lawyer, Philadelphia",,"=""0061349496""","=""9780061349492""",3,3.63,William Morrow,Hardcover,320,2008,2008,,2013/08/24,,,read,,,,,,,1,,,unspecified,,
1918305,The Geography of Bliss: One Grump's Search for the Happiest Places in the World,Eric    Weiner,"Weiner, Eric",,"=""0446580260""","=""9780446580267""",2,3.82,Twelve,Paperback,335,2008,2008,,2013/08/24,,,read,,,,,,,1,,,unspecified,,
20995,The Art of Seduction,Robert Greene,"Greene, Robert",,"=""1861977697""","=""9781861977694""",0,4.04,Penguin,Paperback,466,2001,2001,,2013/08/24,physically-unread-books,physically-unread-books (#81),physically-unread-books,,,,,,,0,,,,,
1303,The 48 Laws of Power,Robert Greene,"Greene, Robert",Joost Elffers,"=""0140280197""","=""9780140280197""",0,4.16,Penguin (Business),Paperback,496,2000,1988,,2013/08/24,physically-unread-books,physically-unread-books (#26),physically-unread-books,,,,,,,0,,,,,
96884,The Happiness Hypothesis: Finding Modern Truth in Ancient Wisdom,Jonathan Haidt,"Haidt, Jonathan",,"=""0465028020""","=""9780465028023""",4,4.10,Basic Books,Paperback,297,2006,2005,,2013/08/24,,,read,,,,,,,1,,,unspecified,,
5544,"Surely You're Joking, Mr. Feynman!: Adventures of a Curious Character",Richard Feynman,"Feynman, Richard",,"=""0393316041""","=""9780393316049""",4,4.29,W. W. Norton & Company,Paperback,391,1997,1984,,2013/08/24,,,read,,,,,,,1,,,unspecified,,
475858,The Seasoned Schemer,Daniel P. Friedman,"Friedman, Daniel P.",Matthias Felleisen,"=""026256100X""","=""9780262561006""",0,4.35,Mit Press,Paperback,224,1995,1995,,2013/08/24,"physically-unread-books, technical","physically-unread-books (#42), technical (#5)",physically-unread-books,,,,,,,0,,,,,
5289,Complete Works of Oscar Wilde,Oscar Wilde,"Wilde, Oscar",Merlin Holland,"=""0007144350""","=""9780007144358""",0,4.47,HarperCollins Publishers,Mass Market Paperback,1246,2003,1907,,2013/08/24,to-read,to-read (#25),to-read,,,,,,,0,,,,,
7598960,Switch: How to Change Things When Change Is Hard,Chip Heath,"Heath, Chip",Dan Heath,"=""0307357279""","=""9780307357274""",0,4.00,Random House Canada,Hardcover,305,2010,2010,,2013/08/24,physically-unread-books,physically-unread-books (#10),physically-unread-books,,,,,,,0,,,,,
2232533,"Science, Strategy and War: The Strategic Theory of John Boyd",Frans P.B. Osinga,"Osinga, Frans P.B.",,"=""0415459524""","=""9780415459525""",0,4.15,Routledge,Paperback,313,2007,2006,,2013/08/24,physically-unread-books,physically-unread-books (#8),physically-unread-books,,,,,,,1,,,unspecified,,
8129142,The Joy of Clojure,Michael Fogus,"Fogus, Michael",Chris Houser,"=""1935182641""","=""9781935182641""",0,4.22,Manning Publishing,Paperback,328,2011,2010,,2013/08/24,to-read,to-read (#24),to-read,,,,,,,1,,,unspecified,,
28862,The Prince,Niccolò Machiavelli,"Machiavelli, Niccolò","Adolph Caso, Rufus Goodwin, Benjamin Martinez","=""0937832383""","=""9780937832387""",5,3.75,Dante University of America Press,Paperback,140,2003,1532,,2013/08/14,,,read,,,,,,,1,,,unspecified,,
29059,Choke,Chuck Palahniuk,"Palahniuk, Chuck",,"=""0385720920""","=""9780385720922""",4,3.68,Anchor Books,Paperback,293,2002,2001,,2013/08/14,,,read,,,,,,,0,,,,,
10762697,"Robin Hobb Collection: Assassin's Apprentice, Royal Assassin, Assassin's Quest (The Farseer Trilogy)",Robin Hobb,"Hobb, Robin",,"=""1780481012""","=""9781780481012""",3,4.30,Harper Voyager,Paperback,1952,2013,2011,,2013/08/14,,,read,,,,,,,0,,,,,
368593,The 4-Hour Workweek,Timothy Ferriss,"Ferriss, Timothy",,"=""0307353133""","=""9780307353139""",3,3.79,Harmony,Hardcover,308,2007,2007,,2013/08/14,,,read,,,,,,,1,,,unspecified,,
1281546,Permutation City,Greg Egan,"Egan, Greg",,"=""1857982185""","=""9781857982183""",0,4.06,Millennium,Paperback,310,1995,1994,,2013/08/14,physically-unread-books,physically-unread-books (#15),physically-unread-books,,,,,,,0,,,,,
548914,The Little Schemer,Daniel P. Friedman,"Friedman, Daniel P.","Matthias Felleisen, Duane Bibby, Gerald J. Sussman","=""0262560992""","=""9780262560993""",0,4.27,MIT Press,Paperback,210,1995,1974,,2013/08/14,"physically-unread-books, technical","physically-unread-books (#31), technical (#3)",physically-unread-books,,,,,,,1,,,unspecified,,
3074052,Personal Development for Smart People: The Conscious Pursuit of Personal Growth,Steve Pavlina,"Pavlina, Steve",,"=""1401922759""","=""9781401922757""",1,3.92,Hay House,Hardcover,288,2008,2008,,2013/08/14,,,read,,,,,,,0,,,,,
57858,Tao of Jeet Kune Do,Bruce Lee,"Lee, Bruce",Gilbert Johnson,"=""0897500482""","=""9780897500487""",0,4.33,Black Belt Communications,Paperback,208,1975,1975,,2013/08/14,to-read,to-read (#23),to-read,,,,,,,0,,,,,
13496,"A Game of Thrones (A Song of Ice and Fire, #1)",George R.R. Martin,"Martin, George R.R.",,"=""0553588486""","=""9780553588484""",5,4.44,Bantam,Mass Market Paperback,835,2005,1996,,2013/08/14,,,read,,,,,,,1,,,unspecified,,
1995421,Seeking Wisdom: From Darwin To Munger,Peter Bevelin,"Bevelin, Peter",,"=""1578644283""","=""9781578644285""",0,4.33,Post Scriptum AB,Hardcover,318,2007,2003,,2013/08/14,to-read,to-read (#22),to-read,,,,,,,0,,,,,
68985,"The Power of Full Engagement: Managing Energy, Not Time, Is the Key to High Performance and Personal Renewal",Jim Loehr,"Loehr, Jim",Tony Schwartz,"=""0743226755""","=""9780743226752""",2,4.00,Free Press,Paperback,222,2005,2003,,2013/08/14,,,read,,,,,,,0,,,,,
130730,"Universal Principles of Design: 100 Ways to Enhance Usability, Influence Perception, Increase Appeal, Make Better Design Decisions, and Teach Through Design",William Lidwell,"Lidwell, William","Jill Butler, Kritina Holden","=""1592530079""","=""9781592530076""",0,4.13,Rockport Publishers,Hardcover,216,2003,2003,,2013/08/14,to-read,to-read (#21),to-read,,,,,,,0,,,,,
10865206,"The Willpower Instinct: How Self-Control Works, Why It Matters, and What You Can Do to Get More of It",Kelly McGonigal,"McGonigal, Kelly",,"=""1583334386""","=""9781583334386""",0,4.09,Avery,Hardcover,275,2011,2011,,2013/08/14,physically-unread-books,physically-unread-books (#34),physically-unread-books,,,,,,,0,,,,,
197073,"Sperm Wars: Infidelity, Sexual Conflict, and Other Bedroom Battles",Robin Baker,"Baker, Robin",,"=""1560258489""","=""9781560258483""",4,3.91,Basic Books,Paperback,375,2006,1964,,2013/08/14,,,read,,,,,,,1,,,unspecified,,
38840,Boyd: The Fighter Pilot Who Changed the Art of War,Robert Coram,"Coram, Robert",,"=""0316796883""","=""9780316796880""",5,4.31,Back Bay Books,Paperback,504,2004,2002,,2013/08/14,,,read,,,,,,,1,,,unspecified,,
6043946,The 50th Law,50 Cent,"Cent, 50",Robert Greene,"=""006177460X""","=""9780061774607""",5,4.11,HarperStudio,Hardcover,304,2009,2008,,2013/08/14,,,read,,,,,,,1,,,unspecified,,
13542853,"Trust Me, I'm Lying: Confessions of a Media Manipulator",Ryan Holiday,"Holiday, Ryan",,"=""159184553X""","=""9781591845539""",0,3.88,Portfolio,Hardcover,259,2012,2012,,2013/08/14,physically-unread-books,physically-unread-books (#45),physically-unread-books,,,,,,,1,,,unspecified,,
13589182,Mastery,Robert Greene,"Greene, Robert",,"=""0670024961""","=""9780670024964""",0,4.24,Viking,Hardcover,318,2012,2012,,2013/08/14,physically-unread-books,physically-unread-books (#32),physically-unread-books,,,,,,,0,,,,,
2457487,Infinite Jest,David Foster Wallace,"Wallace, David Foster",,"=""0349121087""","=""9780349121086""",0,4.33,Abacus Fiction,Paperback,1079,1997,1996,,2013/08/14,physically-unread-books,physically-unread-books (#1),physically-unread-books,,,,,,,0,,,,,
10016013,Harry Potter and the Methods of Rationality,Eliezer Yudkowsky,"Yudkowsky, Eliezer",,"=""""","=""""",5,4.36,hpmor.com & fanfiction.net,ebook,2007,2015,2015,,2013/08/14,,,read,,,,,,,0,,,,,
89185,Chasm City,Alastair Reynolds,"Reynolds, Alastair",,"=""0441010644""","=""9780441010646""",4,4.11,Ace Books,Mass Market Paperback,694,2003,2001,,2013/08/14,,,read,,,,,,,0,,,,,
1045017,The Discourses,Epictetus,"Epictetus, Epictetus",,"=""0460873121""","=""9780460873123""",0,4.18,Everyman ,Paperback,384,1995,108,,2013/08/14,to-read,to-read (#20),to-read,,,,,,,0,,,,,
5617966,A Guide to the Good Life: The Ancient Art of Stoic Joy,William B. Irvine,"Irvine, William B.",,"=""0195374614""","=""9780195374612""",5,4.16,"Oxford University Press, USA",Hardcover,326,2008,,,2013/08/14,,,read,,,,,,,1,,,unspecified,,
11054622,"Visualize This: The FlowingData Guide to Design, Visualization, and Statistics",Nathan Yau,"Yau, Nathan",,"=""0470944889""","=""9780470944882""",0,3.81,John Wiley & Sons,Paperback,358,2011,2011,,2013/08/14,to-read,to-read (#19),to-read,,,,,,,0,,,,,
2112788,Visualizing Data: Exploring and Explaining Data with the Processing Environment,Ben Fry,"Fry, Ben",,"=""0596514557""","=""9780596514556""",0,3.74,O'Reilly Media,Paperback,384,2007,2007,,2013/08/14,to-read,to-read (#18),to-read,,,,,,,0,,,,,
3368,Don't Make Me Think: A Common Sense Approach to Web Usability,Steve Krug,"Krug, Steve",,"=""0321344758""","=""9780321344755""",4,4.22,New Riders Publishing,Paperback,201,2005,2000,,2013/08/14,,,read,,,,,,,0,,,,,
840,The Design of Everyday Things,Donald A. Norman,"Norman, Donald A.",,"=""0465067107""","=""9780465067107""",4,4.15,Basic Books,Paperback,240,2002,1988,,2013/08/14,,,read,,,,,,,0,,,,,
13528,Bulletproof Web Design: Improving Flexibility and Protecting Against Worst-Case Scenarios with XHTML and CSS,Dan Cederholm,"Cederholm, Dan",,"=""0321346939""","=""9780321346933""",2,4.14,New Riders Publishing,Paperback,270,2005,2005,,2013/08/14,,,read,,,,,,,0,,,,,
6728983,Logo Design Love: A Guide to Creating Iconic Brand Identities,David  Airey,"Airey, David",,"=""0321660765""","=""9780321660763""",3,4.12,New Riders Publishing,Paperback,203,2009,2009,,2013/08/14,,,read,,,,,,,0,,,,,
17743,Beautiful Evidence,Edward R. Tufte,"Tufte, Edward R.",,"=""0961392177""","=""9780961392178""",4,4.14,Graphics Pr,Hardcover,213,2006,2006,,2013/08/14,,,read,,,,,,,0,,,,,
17746,"Visual Explanations: Images and Quantities, Evidence and Narrative",Edward R. Tufte,"Tufte, Edward R.",,"=""0961392126""","=""9780961392123""",4,4.29,Graphics Press,Hardcover,156,1998,1997,,2013/08/14,,,read,,,,,,,0,,,,,
41597,The Non-Designer's Design Book,Robin P. Williams,"Williams, Robin P.",,"=""0321193857""","=""9780321193858""",5,3.99,Peachpit Press,Paperback,191,2003,1994,,2013/08/14,,,read,,,,,,,0,,,,,
17745,Envisioning Information,Edward R. Tufte,"Tufte, Edward R.",,"=""0961392118""","=""9780961392116""",4,4.23,Graphics Pr,Hardcover,126,1992,1990,,2013/08/14,,,read,,,,,,,0,,,,,
17744,The Visual Display of Quantitative Information,Edward R. Tufte,"Tufte, Edward R.",,"=""0961392142""","=""9780961392147""",5,4.41,Graphics Press,Hardcover,197,2001,1983,,2013/08/14,,,read,,,,,,,1,,,unspecified,,
46674,Feeling Good: The New Mood Therapy,David D. Burns,"Burns, David D.",,"=""0380810336""","=""9780380810338""",3,3.92,Avon Books,Paperback,706,1999,,,2013/08/14,,,read,,,,,,,0,,,,,
45248,Misspent Youth,Peter F. Hamilton,"Hamilton, Peter F.",,"=""0330480227""","=""9780330480222""",1,3.37,Pan,Paperback,439,2002,2002,,2013/08/14,,,read,,,,,,,0,,,,,
816,Cryptonomicon,Neal Stephenson,"Stephenson, Neal",,"=""0060512806""","=""9780060512804""",5,4.24,Avon,Paperback,1139,2002,1999,,2013/08/14,,,read,,,,,,,1,,,unspecified,,
77711,"A Fire Upon the Deep (Zones of Thought, #1)",Vernor Vinge,"Vinge, Vernor",,"=""0812515285""","=""9780812515282""",4,4.13,Tor Science Fiction,Mass Market Paperback,613,1993,1992,2013/10/03,2013/08/14,,,read,,,,,,,0,,,,,
2845024,Anathem,Neal Stephenson,"Stephenson, Neal",,"=""0061474096""","=""9780061474095""",5,4.17,William Morrow & Company,Hardcover,937,2008,2008,,2013/08/14,,,read,,,,,,,1,,,unspecified,,
827,"The Diamond Age: or, A Young Lady's Illustrated Primer",Neal Stephenson,"Stephenson, Neal",,"=""0553380966""","=""9780553380965""",5,4.18,Spectra,Paperback,499,2000,1995,,2013/08/14,,,read,,,,,,,1,,,unspecified,,
61179,"Ringworld (Ringworld, #1)",Larry Niven,"Niven, Larry",,"=""0575077026""","=""9780575077027""",0,3.95,Gollancz,Paperback,288,2005,1970,,2013/08/14,to-read,to-read (#17),to-read,,,,,,,0,,,,,
70535,"2001: A Space Odyssey (Space Odyssey, #1)",Arthur C. Clarke,"Clarke, Arthur C.",,"=""0451457994""","=""9780451457998""",4,4.08,Roc,Paperback,297,2000,1968,,2013/08/14,,,read,,,,,,,0,,,,,
11,"The Hitchhiker's Guide to the Galaxy (Hitchhiker's Guide to the Galaxy, #1)",Douglas Adams,"Adams, Douglas",,"=""0345391802""","=""9780345391803""",5,4.19,Del Rey Books,Mass Market Paperback,216,1995,1979,,2013/08/14,,,read,,,,,,,0,,,,,
945623,Accelerando,Charles Stross,"Stross, Charles",,"=""1841493899""","=""9781841493893""",0,3.86,Orbit,Paperback,433,2006,2005,2013/10/03,2013/08/14,physically-unread-books,physically-unread-books (#70),physically-unread-books,,,,,,,0,,,,,
18630,"The Player of Games (Culture, #2)",Iain M. Banks,"Banks, Iain M.",,"=""0061053562""","=""9780061053566""",4,4.25,HarperPrism,Paperback,293,1997,1988,,2013/08/14,,,read,,,,,,,0,,,,,
830,Snow Crash,Neal Stephenson,"Stephenson, Neal",,"=""0553380958""","=""9780553380958""",5,4.00,Bantam Books,Paperback,470,2000,1992,,2013/08/14,,,read,,,,,,,1,,,unspecified,,
29579,"Foundation (Foundation, #1)",Isaac Asimov,"Asimov, Isaac",,"=""0553803719""","=""9780553803716""",5,4.09,Spectra,Hardcover,256,2004,1951,,2013/08/14,,,read,,,,,,,0,,,,,
22328,"Neuromancer (Sprawl, #1)",William Gibson,"Gibson, William",,"=""0441569595""","=""9780441569595""",0,3.86,Ace Books,Mass Market Paperback,271,1984,1984,,2013/08/14,to-read,to-read (#16),to-read,,,,,,,0,,,,,
4381,Fahrenheit 451,Ray Bradbury,"Bradbury, Ray",,"=""0307347974""","=""9780307347978""",0,3.96,Plaza y Janes,Paperback,238,2006,1953,,2013/08/14,to-read,to-read (#15),to-read,,,,,,,0,,,,,
375802,"Ender's Game (The Ender Quintet, #1)",Orson Scott Card,"Card, Orson Scott",,"=""0812550706""","=""9780812550702""",5,4.29,Tor Science Fiction,Paperback,324,1994,1985,,2013/08/14,,,read,,,,,,,1,,,unspecified,,
91358,The Number Devil: A Mathematical Adventure,Hans Magnus Enzensberger,"Enzensberger, Hans Magnus","Rotraut Susanne Berner, Michael Henry Heim","=""0805062998""","=""9780805062991""",3,3.89,Holt Paperbacks,Paperback,264,2000,1997,,2013/08/14,,,read,,,,,,,0,,,,,
433567,Flatland: A Romance of Many Dimensions,Edwin A. Abbott,"Abbott, Edwin A.",Banesh Hoffmann,"=""048627263X""","=""9780486272634""",4,3.81,"Dover Publications, Inc.",Paperback,96,1992,1884,,2013/08/14,,,read,,,,,,,0,,,,,
6346975,Moonwalking with Einstein: The Art and Science of Remembering Everything,Joshua Foer,"Foer, Joshua",,"=""159420229X""","=""9781594202292""",5,3.83,"Penguin Press HC, The",Hardcover,307,2011,2011,,2013/08/14,,,read,,,,,,,1,,,unspecified,,
17994,The Code Book: The Science of Secrecy from Ancient Egypt to Quantum Cryptography,Simon Singh,"Singh, Simon",,"=""0385495323""","=""9780385495325""",5,4.25,Anchor,Paperback,366,2000,1999,,2013/08/14,,,read,,,,,,,0,,,,,
61663,Pale Blue Dot: A Vision of the Human Future in Space,Carl Sagan,"Sagan, Carl",Ann Druyan,"=""0345376595""","=""9780345376596""",0,4.30,Ballantine Books,Paperback,384,1997,1994,,2013/08/14,to-read,to-read (#14),to-read,,,,,,,0,,,,,
5129,Brave New World,Aldous Huxley,"Huxley, Aldous",,"=""0060929871""","=""9780060929879""",4,3.94,Harper Perennial,Paperback,268,1998,1932,2013/08/20,2013/08/14,,,read,,,,,,,1,,,unspecified,,
227265,Ishmael: An Adventure of the Mind and Spirit,Daniel Quinn,"Quinn, Daniel",,"=""0553375407""","=""9780553375404""",5,3.96,Bantam,Paperback,272,1995,1992,,2013/08/14,,,read,,,,,,,0,,,,,
24113,"Gödel, Escher, Bach: An Eternal Golden Braid",Douglas R. Hofstadter,"Hofstadter, Douglas R.",,"=""0465026567""","=""9780465026562""",0,4.29,Basic Books,Paperback,822,1999,1979,,2013/08/14,"physically-unread-books, technical","physically-unread-books (#77), technical (#10)",physically-unread-books,,,,,,,1,,,unspecified,,
4069,Man's Search for Meaning,Viktor E. Frankl,"Frankl, Viktor E.","Harold S. Kushner, Ilse Lasch","=""080701429X""","=""9780807014295""",5,4.32,Beacon Press (Boston),Paperback,165,2006,1946,,2013/08/14,,,read,,,,,,,1,,,unspecified,,
2122,The Fountainhead,Ayn Rand,"Rand, Ayn",Leonard Peikoff,"=""0451191153""","=""9780451191151""",4,3.83,Signet,Paperback,720,1996,1943,,2013/08/14,,,read,,,,,,,0,,,,,
6493321,Logicomix: An epic search for truth,Apostolos Doxiadis,"Doxiadis, Apostolos","Christos H. Papadimitriou, Alecos Papadatos, Annie Di Donna","=""1596914521""","=""9781596914520""",5,3.98,Bloomsbury (NYC),Paperback,352,2009,2009,,2013/08/14,,,read,,,,,,,1,,,unspecified,,
2208661,Yes!: 50 Scientifically Proven Ways to Be Persuasive,Noah J. Goldstein,"Goldstein, Noah J.","Steve J. Martin, Robert B. Cialdini","=""1416570969""","=""9781416570967""",0,3.96,Free Press,Hardcover,272,2008,2007,,2013/08/14,to-read,to-read (#13),to-read,,,,,,,1,,,unspecified,,
102030,Musashi,Eiji Yoshikawa,"Yoshikawa, Eiji","Charles Terry, Edwin O. Reischauer","=""4770019572""","=""9784770019578""",3,4.42,Kodansha International,Hardcover,970,1995,1935,,2013/08/14,,,read,,,,,,,1,,,unspecified,,
35289,The 33 Strategies of War,Robert Greene,"Greene, Robert",Joost Elffers,"=""0670034576""","=""9780670034574""",5,4.29,Viking,Hardcover,496,2006,2005,,2013/08/14,physically-unread-books,physically-unread-books (#40),physically-unread-books,,,,,,,1,,,unspecified,,
867247,A Book of Five Rings: The Classic Guide to Strategy,Miyamoto Musashi,"Musashi, Miyamoto",Victor Harris,"=""0517415283""","=""9780517415283""",4,4.11,Gramercy Books,Hardcover,96,1988,1642,,2013/08/14,,,read,,,,,,,0,,,,,
10534,The Art of War,Sun Tzu,"Tzu, Sun",Thomas Cleary,"=""1590302257""","=""9781590302255""",5,3.94,Shambhala Publications,Paperback,273,2005,-512,,2013/08/14,,,read,,,,,,,1,,,unspecified,,
662,Atlas Shrugged,Ayn Rand,"Rand, Ayn",Leonard Peikoff,"=""0452011876""","=""9780452011878""",4,3.67,NAL,Paperback,1168,1999,1957,,2013/08/14,,,read,,,,,,,0,,,,,
31837,The Consolation of Philosophy,Boethius,"Boethius, Boethius",Victor Watts,"=""0140447806""","=""9780140447804""",4,3.94,Penguin Classics,Paperback,192,2000,523,,2013/08/14,,,read,,,,,,,1,,,unspecified,,
97411,Letters from a Stoic,Seneca,"Seneca, Seneca",Robin Campbell,"=""0140442103""","=""9780140442106""",0,4.28,Penguin Classics,Paperback,256,2004,64,,2013/08/14,to-read,to-read (#12),to-read,,,,,,,0,,,,,
30659,Meditations,Marcus Aurelius,"Aurelius, Marcus","Martin Hammond, Diskin Clay","=""0140449337""","=""9780140449334""",5,4.17,Penguin Classics,Paperback,304,2006,180,,2013/08/14,,,read,,,,,,,1,,,unspecified,,
11107244,The Better Angels of Our Nature: Why Violence Has Declined,Steven Pinker,"Pinker, Steven",,"=""0670022950""","=""9780670022953""",0,4.16,Viking,Hardcover,802,2011,2010,,2013/08/14,to-read,to-read (#11),to-read,,,,,,,0,,,,,
13529055,Mortality,Christopher Hitchens,"Hitchens, Christopher",,"=""1455502758""","=""9781455502752""",0,4.10,Twelve,Hardcover,104,2012,2012,,2013/08/14,to-read,to-read (#10),to-read,,,,,,,0,,,,,
629,Zen and the Art of Motorcycle Maintenance: An Inquiry Into Values,Robert M. Pirsig,"Pirsig, Robert M.",,"=""0060589469""","=""9780060589462""",1,3.74,HarperTorch,Mass Market Paperback,540,2006,1974,,2013/08/14,,,read,,,,,,,0,,,,,
4137,Me Talk Pretty One Day,David Sedaris,"Sedaris, David",,"=""0349113912""","=""9780349113913""",0,3.96,"Little, Brown and Company",Paperback,272,2001,2000,,2013/08/14,to-read,to-read (#8),to-read,,,,,,,0,,,,,
14743,The God Delusion,Richard Dawkins,"Dawkins, Richard",,"=""0618680004""","=""9780618680009""",0,3.89,Houghton Mifflin Co. (Boston/NY),Hardcover,374,2006,2006,,2013/08/14,to-read,to-read (#9),to-read,,,,,,,0,,,,,
8520610,Quiet: The Power of Introverts in a World That Can't Stop Talking,Susan Cain,"Cain, Susan",,"=""0307352145""","=""9780307352149""",0,4.01,Crown,Hardcover,352,2012,2012,,2013/08/14,to-read,to-read (#7),to-read,,,,,,,0,,,,,
6289283,"Born to Run: A Hidden Tribe, Superathletes, and the Greatest Race the World Has Never Seen",Christopher McDougall,"McDougall, Christopher",,"=""0307266303""","=""9780307266309""",4,4.27,Knopf,Hardcover,287,2009,2009,2013/08/31,2013/08/14,,,read,,,,,,,0,,,,,
1842,"Guns, Germs, and Steel: The Fates of Human Societies",Jared Diamond,"Diamond, Jared",,"=""0739467352""","=""9780739467350""",0,3.98,W.W. Norton & Company,Paperback,425,2005,1997,,2013/08/14,to-read,to-read (#6),to-read,,,,,,,0,,,,,
15790837,Let's Explore Diabetes with Owls,David Sedaris,"Sedaris, David",,"=""0316154695""","=""9780316154697""",0,3.78,"Little, Brown and Company",Hardcover,275,2013,2013,,2013/08/14,to-read,to-read (#5),to-read,,,,,,,0,,,,,
10176,Dress Your Family in Corduroy and Denim,David Sedaris,"Sedaris, David",,"=""0965904830""","=""9780965904834""",0,4.07,Little Brown & Co.,Paperback,272,2004,2004,,2013/08/14,to-read,to-read (#4),to-read,,,,,,,0,,,,,
16071764,"Lean In: Women, Work, and the Will to Lead",Sheryl Sandberg,"Sandberg, Sheryl",,"=""0385349947""","=""9780385349949""",0,3.89,Knopf,Hardcover,217,2013,2013,,2013/08/14,to-read,to-read (#3),to-read,,,,,,,0,,,,,
261243,History of the Peloponnesian War,Thucydides,"Thucydides, Thucydides","Rex Warner, Moses I. Finley","=""0140440399""","=""9780140440393""",0,3.85,Penguin Books,Paperback,648,1972,-411,,2013/08/14,physically-unread-books,physically-unread-books (#69),physically-unread-books,,,,,,,1,,,unspecified,,
17349,The Demon-Haunted World: Science as a Candle in the Dark,Carl Sagan,"Sagan, Carl",Ann Druyan,"=""0345409469""","=""9780345409461""",0,4.27,Ballantine Books,Paperback,457,1997,1995,,2013/08/14,to-read,to-read (#2),to-read,,,,,,,0,,,,,
21,A Short History of Nearly Everything,Bill Bryson,"Bryson, Bill",,"=""076790818X""","=""9780767908184""",4,4.17,Broadway Books,Paperback,544,2004,2003,,2013/08/14,,,read,,,,,,,0,,,,,
168668,Catch-22,Joseph Heller,"Heller, Joseph",,"=""0684833395""","=""9780684833392""",0,3.97,Simon & Schuster ,Paperback,453,2004,1961,,2013/08/14,to-read,to-read (#1),to-read,,,,,,,1,,,unspecified,,
13,The Ultimate Hitchhiker's Guide to the Galaxy (Hitchhiker's Guide to the Galaxy #1-5),Douglas Adams,"Adams, Douglas",,"=""0345453743""","=""9780345453747""",5,4.36,Del Rey Books,Paperback,815,2002,1996,,2013/08/14,,,read,,,,,,,0,,,,,
2657,To Kill a Mockingbird,Harper Lee,"Lee, Harper",,"=""0061120081""","=""9780061120084""",3,4.24,Harper Perennial Modern Classics,Paperback,324,2006,1960,,2013/08/14,,,read,,,,,,,0,,,,,
5107,The Catcher in the Rye,J.D. Salinger,"Salinger, J.D.",,"=""0316769177""","=""9780316769174""",2,3.78,Back Bay Books,Paperback,277,2001,1951,,2013/08/14,,,read,,,,,,,0,,,,,
5470,1984,George Orwell,"Orwell, George",Erich Fromm,"=""0451524934""","=""9780451524935""",5,4.11,New American Library,Mass Market Paperback,268,1950,1949,,2013/08/14,,,read,,,,,,,0,,,,,
5907,The Hobbit,J.R.R. Tolkien,"Tolkien, J.R.R.",,"=""0618260307""","=""9780618260300""",3,4.22,Houghton Mifflin,Paperback,366,2002,1937,,2013/08/14,,,read,,,,,,,0,,,,,
11468377,"Thinking, Fast and Slow",Daniel Kahneman,"Kahneman, Daniel",,"=""0374275637""","=""9780374275631""",4,4.03,"Farrar, Straus and Giroux",Hardcover,499,2011,2010,,2013/08/14,physically-unread-books,physically-unread-books (#28),physically-unread-books,,,,,,,1,,,unspecified,,
12609433,The Power of Habit: Why We Do What We Do in Life and Business,Charles Duhigg,"Duhigg, Charles",,"=""1400069289""","=""9781400069286""",5,3.98,Random House,Hardcover,286,2012,2011,,2013/08/14,,,read,,,,,,,1,,,unspecified,,
4924862,I Will Teach You To Be Rich,Ramit Sethi,"Sethi, Ramit",,"=""0761147489""","=""9780761147480""",5,4.03,Workman Publishing Company,Paperback,266,2009,2009,,2013/08/14,physically-unread-books,physically-unread-books (#18),physically-unread-books,,,,,,,1,,,unspecified,,
9512985,The Personal MBA: Master the Art of Business,Josh Kaufman,"Kaufman, Josh",,"=""1591843529""","=""9781591843528""",5,3.98,Portfolio,Hardcover,416,2010,2010,,2013/08/14,physically-unread-books,physically-unread-books (#62),physically-unread-books,,,,,,,1,,,unspecified,,
98233,Founders at Work: Stories of Startups' Early Days,Jessica Livingston,"Livingston, Jessica",,"=""1590597141""","=""9781590597149""",4,3.93,Apress,Hardcover,456,2007,2001,,2013/08/14,,,read,,,,,,,0,,,,,
10127019,The Lean Startup: How Today's Entrepreneurs Use Continuous Innovation to Create Radically Successful Businesses,Eric Ries,"Ries, Eric",,"=""0307887898""","=""9780307887894""",3,4.01,Crown Business,Hardcover,299,2011,2011,,2013/08/14,,,read,,,,,,,0,,,,,
1633,Getting Things Done: The Art of Stress-Free Productivity,David Allen,"Allen, David",,"=""0142000280""","=""9780142000281""",4,3.96,Penguin Books,Paperback,267,2002,2001,,2013/08/14,,,read,,,,,,,1,,,unspecified,,
40102,Blink: The Power of Thinking Without Thinking,Malcolm Gladwell,"Gladwell, Malcolm",,"=""0316010669""","=""9780316010665""",2,3.85,Back Bay Books,Paperback,296,2007,2001,,2013/08/14,,,read,,,,,,,0,,,,,
38315,Fooled by Randomness: The Hidden Role of Chance in Life and in the Markets,Nassim Nicholas Taleb,"Taleb, Nassim Nicholas",,"=""0812975219""","=""9780812975215""",4,4.02,Random House Trade Paperbacks,Paperback,368,2005,2001,,2013/08/14,,,read,,,,,,,1,,,unspecified,,
6732019,Rework,Jason Fried,"Fried, Jason",David Heinemeier Hansson,"=""0307463745""","=""9780307463746""",3,3.92,Crown Business,Hardcover,279,2010,2010,,2013/08/14,,,read,,,,,,,0,,,,,
2612,The Tipping Point: How Little Things Can Make a Big Difference,Malcolm Gladwell,"Gladwell, Malcolm",,"=""0316346624""","=""9780316346627""",2,3.87,Back Bay Books,Paperback,301,2002,2000,,2013/08/14,,,read,,,,,,,0,,,,,
1202,"Freakonomics: A Rogue Economist Explores the Hidden Side of Everything (Freakonomics, #1)",Steven D. Levitt,"Levitt, Steven D.",Stephen J. Dubner,"=""0061234001""","=""9780061234002""",3,3.91,William Morrow,Hardcover,320,2006,2001,,2013/08/14,,,read,,,,,,,0,,,,,
92057,The Autobiography of Malcolm X,Malcolm X,"X, Malcolm",Alex Haley,"=""0345350685""","=""9780345350688""",4,4.28,Ballantine Books,Paperback,466,1987,1965,,2013/08/14,,,read,,,,,,,1,,,unspecified,,
